TITLE,COMPANY,LINK,EMAIL_STATUS
Java Developer,Scoutit,https://www.linkedin.com/jobs/view/4422823869/?alternateChannel=search&eBP=NOT_ELIGIBLE_FOR_CHARGING&refId=iojlhWPrsMF6fMk%2BOpAYDA%3D%3D&trackingId=8n%2FoCcnGsvqvRwJ1Vha8Ng%3D%3D&trk=d_flagship3_search_srp_jobs,sent
Lead Java Developer (On-Site),TechnoXander,https://www.linkedin.com/jobs/view/4421848947/?alternateChannel=search&eBP=NOT_ELIGIBLE_FOR_CHARGING&refId=iojlhWPrsMF6fMk%2BOpAYDA%3D%3D&trackingId=chMy9XqifPrA8JtyCjUUgA%3D%3D&trk=d_flagship3_search_srp_jobs,sent
Java Fullstack Engineer,Ascendion,https://www.linkedin.com/jobs/view/4422879625/?alternateChannel=search&eBP=NOT_ELIGIBLE_FOR_CHARGING&refId=iojlhWPrsMF6fMk%2BOpAYDA%3D%3D&trackingId=3KKkDpTJ2zM9dEQek0HP5w%3D%3D&trk=d_flagship3_search_srp_jobs,pending
SENIOR SOFTWARE ENGINEER - Java,Happiest Minds Technologies,https://www.linkedin.com/jobs/view/4418737259/?alternateChannel=search&eBP=NOT_ELIGIBLE_FOR_CHARGING&refId=iojlhWPrsMF6fMk%2BOpAYDA%3D%3D&trackingId=%2Beo8EaR0mYXw4LMQeV%2BXnA%3D%3D&trk=d_flagship3_search_srp_jobs,pending
Lead - Java Backend Developer,IFTAS - Indian Financial Technology & Allied Services,https://www.linkedin.com/jobs/view/4421685536/?alternateChannel=search&eBP=NOT_ELIGIBLE_FOR_CHARGING&refId=iojlhWPrsMF6fMk%2BOpAYDA%3D%3D&trackingId=WrjBfaAT9Uhhv7YSkcrJHQ%3D%3D&trk=d_flagship3_search_srp_jobs,pending
Junior Game Developer (Java / libGDX),Weekday AI (YC W21),https://www.linkedin.com/jobs/view/4421802617/?alternateChannel=search&eBP=NOT_ELIGIBLE_FOR_CHARGING&refId=iojlhWPrsMF6fMk%2BOpAYDA%3D%3D&trackingId=b5Y%2FHzY9wpdgd2Uh5MVA%2Bw%3D%3D&trk=d_flagship3_search_srp_jobs,pending
Java Developer,ThoughtPearls Infotech Private Limited,https://www.linkedin.com/jobs/view/4421863133/?alternateChannel=search&eBP=NOT_ELIGIBLE_FOR_CHARGING&refId=iojlhWPrsMF6fMk%2BOpAYDA%3D%3D&trackingId=ZSb1p257pAHe%2BiqAl%2FekmQ%3D%3D&trk=d_flagship3_search_srp_jobs,pending
Full Stack Developer Intern,ProMyCareer,https://www.linkedin.com/jobs/view/4423212465/?alternateChannel=search&eBP=NOT_ELIGIBLE_FOR_CHARGING&refId=iojlhWPrsMF6fMk%2BOpAYDA%3D%3D&trackingId=8UXK8uA%2FYkMcPTRQGPXiEw%3D%3D&trk=d_flagship3_search_srp_jobs,pending
Solutions Engineer,Razorpay,https://www.linkedin.com/jobs/view/4421658951/?alternateChannel=search&eBP=NOT_ELIGIBLE_FOR_CHARGING&refId=iojlhWPrsMF6fMk%2BOpAYDA%3D%3D&trackingId=weG174T%2Fu9T37AMIsEPGXw%3D%3D&trk=d_flagship3_search_srp_jobs,pending
Full Stack Developer,Sylus Ai,https://www.linkedin.com/jobs/view/4422822551/?alternateChannel=search&eBP=BUDGET_EXHAUSTED_JOB&refId=iojlhWPrsMF6fMk%2BOpAYDA%3D%3D&trackingId=%2FQXH2jwJUgfGR593YmiiMQ%3D%3D&trk=d_flagship3_search_srp_jobs,pending
Software Engineer Intern,CXO Academy,https://www.linkedin.com/jobs/view/4422589521/?alternateChannel=search&eBP=BUDGET_EXHAUSTED_JOB&refId=iojlhWPrsMF6fMk%2BOpAYDA%3D%3D&trackingId=RC16RCjxL4oFApA5%2Fyxwyg%3D%3D&trk=d_flagship3_search_srp_jobs,pending
Java Frontend Developer,CloudZenia,https://www.linkedin.com/jobs/view/4422867553/?alternateChannel=search&eBP=BUDGET_EXHAUSTED_JOB&refId=iojlhWPrsMF6fMk%2BOpAYDA%3D%3D&trackingId=uY2pGadMToc3GwYFLlbZLA%3D%3D&trk=d_flagship3_search_srp_jobs,pending
Java Developer Internship,Infrabyte Consulting,https://www.linkedin.com/jobs/view/4421862352/?alternateChannel=search&eBP=CwEAAAGeg_K8B12QjaosdQMmSRnL9Qdpsli4FGmHU-TCLoLbl13S1LfHbKm0AhPmGUb_JFqjUhJ-OxSS-P_sn21tPw8jSoT4yO1puNgTnoTOqyhp6C3rqaS37TMUkUJ_yyBjokPIESFyb5lg6yrY66ccezM4ecNLo6QCi2n7F4IlFAn9jxcOUbckxd1ZIZyAY6HrDzHJkL_CgvLe_QngG68WcxKd_N6OsR99MPDYdPjG8manr-ksEWSxeRV2YlRc_ZAbO4Nmjj9XHWW3MYhOb7IUcD3lK229qSZrdUWy-yIYHOUGj3QWfmtbPJLB1BrQ6kmieIRpBZEhwEPmcPC9q_uX_ttx3yPTLknKxRbPXl8WesCfR23axyTblP7WQRaMcjJTA2rR4U-3IPP4pVW6BbJjqWn2vl2FkmwtLHWUFoq1rpjups7c-KJR_vyq6BW_GdVSWmD2A1STi8Rj9eGs&refId=iojlhWPrsMF6fMk%2BOpAYDA%3D%3D&trackingId=8S1UkA2sqScIpnzivWoTFQ%3D%3D&trk=d_flagship3_search_srp_jobs,pending
Senior Software Engineer,Deloitte,https://www.linkedin.com/jobs/view/4417676215/?alternateChannel=search&eBP=CwEAAAGeg_K8ByyXzK7lvKA9f6wBsOgm2VI_-uYpyX39H6rKk3IbT5Ga263JBbVELxudLC85PeNl14aIBfqp6Bdn6E9ryRKctGSzSy8QsYKFCyGi8kPIBNj-nVY6Lzu_CfEQ-TZ85ZTgIeVZXOtBZOlA8rQyYEYgMNGIClaxOav5XObGPtSHq6BZZCp5_XZxKUGaZp45Wgm9EDKBfhCsHSZ0XCTh0NdLz10F5Yvsxb6Muc1Q3MkcuxtODWiHUQFt4tkrHhLMKXh00pdnCYDOVMB7oHiRadlVMCJw5FBJTsXSZwO-kT2n_aDcck2Upf7AWGrGxzQ0oy2KBUgU6_RvbS_SnBKZjZmlEQci-Xt3owDKuV5xWW7r06wZnmOtJNcTHb3j0c31pY6QPwSOB62Pcoge1IufHoR8Qas7fYeuxM6eHyMXxX9o5LYNjj6IaFq6FWB2kch-m1peO-3Bb0iIBWA6-W_eEssMBsg&refId=iojlhWPrsMF6fMk%2BOpAYDA%3D%3D&trackingId=9ya5Qpnmh2WswLlR7zRVzA%3D%3D&trk=d_flagship3_search_srp_jobs,pending
"Front End Developer Intern (HTML, CSS, JavaScript, React)",Wake Up Whistle,https://www.linkedin.com/jobs/view/4422823268/?alternateChannel=search&eBP=CwEAAAGeg_K8B30IRmdv3yS8s-DpVimPJC8O5zS0icP1mUBIpymxLeqlksLXk8g7snW43jUbNoQrRGTdFaDst88XToHXrAq1WZdEvS-nCMkWfAJcwKwbuSLKdXTKRyUAgYLFWQeq-fWNoq0vkdOWA3dQfCHtJwZWSihz6Gp9NGyB6hC8ORm47PwQNAxhKGmONK_QTLLYKo1cwdyfcYLoduLo-eS_CDXgCkSUF9340VYyb_aa_W_7uST5_Si4bIedyqi8uhMl760HP-samHdFiBFDVeptZVTbGwVH7tFnHM4IZoPy0Wrpfh0G_KdYY5I1-U3TjuWHPaCEDL8AuxSE_DxPhEv68s5AMCi09R8Yb1-l8Kp8E_cBobWbGKvTvKwTJUsep8z0VWkJQ0yNSVaO72OW_3qM_oKCQcx-OUTbZfJdaCjklazdl9ETrXv6D4wzUf0DJe8FlHDQzJ_s7lKcMTwpWB2jAML1ThEba4n1&refId=iojlhWPrsMF6fMk%2BOpAYDA%3D%3D&trackingId=gAamFLWOussG9Zoa3hkVHg%3D%3D&trk=d_flagship3_search_srp_jobs,pending
Frontend Developer,Zetheta Algorithms Private Limited,https://www.linkedin.com/jobs/view/4422813326/?alternateChannel=search&eBP=CwEAAAGeg_K8B05173lcBPKFtQTi2cjzY3VhTb72Uyd6BQbJNNXZ9I83YdyCycS6QNNyEqmGcx6g8QHJL8kaSRWhyMnFG4jCUuZE9THXx0nvqHuAIEMuX94SauPIv8dUXfUk536N4kHMegsaeppuDjzm5dDfKMwmtPHfTgvZx22eexO738k6KnNES6H6UFkt5GD83dEE0CYvxc0DJyCKuGFri13tJRWlb-12SaqHR3mDvhfrOiI3yRcMtG-HuolLENnczbMiTHbChmoXkkLI2bs5jIdFitK8gupnORIaeA4xa03Yc5ykutvVkESaEM-HgVWrminj-WqwbaQUPAY1oAxzsJH4bSW2KvuMjSZ6B7D4o9OMc9m3nI7-KilrZqfTETWZihV-S3o2M_9_O4G04yB77AVC93YRCABaKudUtLxuJsCFBUFAoUjGsFedmUsdOky7cy1IL_0xh-j4cAiB7py06Bk4-xOZihOo80EA&refId=iojlhWPrsMF6fMk%2BOpAYDA%3D%3D&trackingId=qzNOTywIQVIVVFqxe1th%2Bg%3D%3D&trk=d_flagship3_search_srp_jobs,pending
Software Developer Intern | Remote | Entry-Level | Application Systems / Technical Engineering,Inficore Soft,https://www.linkedin.com/jobs/view/4422829045/?alternateChannel=search&eBP=CwEAAAGeg_K8Bzl2QObwQpvihQcSZbISVlGWyfNQM5fnw-Wd80tpmH4qu_wYZePD9dvlHlC4DVUiGgSjyV_bM0o4EuCwPBX1R7GbCEHzWC3_QnhCdbOD-UrHZTZ3QEJ29az3h2dqE6R8CqWN91RwCBTmLKcBQaBGFbAePMSaFBGK10IUqSYAE2YOB-RSmVuHKG4Di1Ad8uxNmrj5ljpdmuolT3VUJmxGcN-YYCdvrLg9jsjR_tTKr7GpsY7_yEsOBkErG-LEDZh_ViyY8quLbznQZyOkMuPq_xnNkgg2Q4CEMGqvXzmmoQPODyYODfHd14NPVZQg8_04BcdmmqERkNwZ_PT5XInVRV7KkIpNKAu7RXbMk6rmW6-i2Or1K2ovf5sICOsfeO7E5-Sxsj5ly1B2qHDi73ggESB-9pl1eBHjruXf5Qe8rUchclxT2Qh7ng5US9Ntu0XxdoMbXyPDGwmNzdf3IsVRa4W9K_-h&refId=iojlhWPrsMF6fMk%2BOpAYDA%3D%3D&trackingId=gJKQ2VKDRSYu6ZMxjXfTsQ%3D%3D&trk=d_flagship3_search_srp_jobs,pending
"MERN Stack Developer Intern | React, Node & MongoDB Internship",ArGo Intern,https://www.linkedin.com/jobs/view/4422820353/?alternateChannel=search&eBP=CwEAAAGeg_K8B6ZmfbSte9LoZKeHkbfa2RJ_wcNMAdKBjNaVQrENYZ0eOs4qA84Fz0ndzc9uuUzF37fDj5_nASDrs1K3bZU7_i4ihJT7mL2sBU1HyhHHVTO8zMU7fXplbd1EB5JTvg6tQmfXVuY5E4mTzLRKZjRgzO4EzRF0I3EJWZsnr3Y78S-R4ys2XeWSyS1KtR71ARnikFcBkpgCNPm5xnyr6wpXJlCT9eda48IquWhR7G0eVnHet1T1_RA2R79jEGhb-rExa13VSdB-gnAsUWw7whHYM_xjXH4o3s4FTnsxsy3a1AxwZRDfId-iaBLzI9wi-Xf4BOqDj7Qdi_XBXxXKqUJvv4UlTotItHEsNfLE1QZxskchqAPVUxg4V8ZvCgj5ufuOP_ycgObVHIuwExnGejNlMdRSUG-h7sgogId4wDkyt-RBs1nkO8b8NOnifbWObZc-JDZ3vmchrKOd4zhyw0lcjPLeXxjC&refId=iojlhWPrsMF6fMk%2BOpAYDA%3D%3D&trackingId=i70lz%2B2LhbTPIqLd5dvudQ%3D%3D&trk=d_flagship3_search_srp_jobs,pending
Web Developer Intern,Zenithbyte,https://www.linkedin.com/jobs/view/4421808885/?alternateChannel=search&eBP=CwEAAAGeg_K8B-pemp0822TsUPE2bPdsDj-RmMRSL4EQFz-NJPnHs7C_WFsqwAGLnIaET7iwc_lYpwygCaRNY6zdm9LdTp7LOfN0f-4n7JwoHlXTXXoBiWJmnqYuu42wuKszJ91DNAv_xJ2NudZ5p9nb-CPco5BlYXx7tDpXDliYgMWo3I0QrNufyM8V4YHGZXeRtcj9F1x5f5IMDr3ZEvGA02xIeN0COesbcAVrzMqdLAY_OGa90WS2xpiVAcdL-rZmoLBtfTR0em5-1sIfSUzLGRz61w2rOcX5HKZWk43eBgLBj1o6ArdekkCMWCMCGR7hrESDxJEr7_dHwiQFyqvyun82AcqLjQbH8TZURpz2hd7eKIPWsAAjmipq-ach5hmkh3bZIuEC9_eubLVGibcneUxqS0jK1p886YXqXrOGrH1Zew7xZHEpOKepvUjHGO2uWfNzxZ_dM3khw2ytTlWmNppwf-sJoYrErib_&refId=iojlhWPrsMF6fMk%2BOpAYDA%3D%3D&trackingId=t1FYQG3846tN6T2x0hnMvw%3D%3D&trk=d_flagship3_search_srp_jobs,pending
